{
  "final_train_accuracy": 0.9675725698471069,
  "final_val_accuracy": 0.8611111044883728,
  "final_train_loss": 0.12306522578001022,
  "final_val_loss": 0.501554012298584
}